model,accuracy,f1_macro,acc_std,f1_std
Trivial baseline,0.5289613694193847,0.2306391146577344,0.0,0.0
Logistic Regression,0.6676960444136018,0.47692894165114774,0.01292690325759875,0.014493288734624427
Random Forest,0.7484848484848485,0.684574529143397,0.016562572287763127,0.021738928001455795
